﻿<?xml version="1.0" encoding="UTF-8"?>
<!--Created:cb85b80c-f585-40ff-8bfc-12ff4d0e34a9-->
<OfficeApp xmlns="http://schemas.microsoft.com/office/appforoffice/1.0" xmlns:xsi="http://www.w3.org/2001/XMLSchema-instance" xsi:type="TaskPaneApp">
  <Id>e57a32a9-958a-4579-809f-df1a11a64752</Id>
  <Version>1.0.0.0</Version>
  <ProviderName>Microsoft</ProviderName>
  <DefaultLocale>en-US</DefaultLocale>
  <DisplayName DefaultValue="OData Integration" />
  <Description DefaultValue="OData Integration"/>
  <IconUrl DefaultValue="~remoteAppUrl/Images/OData_Icon_32.png" />
  <!--The HighResolutionIcon element is commented because it is valid only for 1.1 (or above) versions of the manifest.
      To use this property, convert this manifest to version 1.1 by adding an API set in the Activation tab of the manifest editor.-->
  <!--<HighResolutionIconUrl DefaultValue="~remoteAppUrl/Images/OData_Icon_64.png" />-->
  <AppDomains>
    <AppDomain>https://localhost:44330/</AppDomain>
    <AppDomain>http://localhost:48757/</AppDomain>
    <AppDomain>https://login.windows.net</AppDomain>
    <AppDomain>https://login.microsoftonline.com</AppDomain>
  </AppDomains>
  <Capabilities>
    <Capability Name="Workbook" />
  </Capabilities>
  <DefaultSettings>
    <SourceLocation DefaultValue="~remoteAppUrl/Pages/Home.aspx" />
  </DefaultSettings>
  <Permissions>ReadWriteDocument</Permissions>
</OfficeApp>
